{"schemaVersion":"1.0","appDefinitionTemplate":{"id":"/providers/Microsoft.PowerApps/apps/","type":"Microsoft.PowerApps/apps","tags":{"primaryDeviceWidth":"1366","primaryDeviceHeight":"768","sienaVersion":"20220124T181730Z-3.21124.16.0","deviceCapabilities":"","supportsPortrait":"true","supportsLandscape":"true","primaryFormFactor":"Tablet","publisherVersion":"3.21124.16","minimumRequiredApiVersion":"2.2.0","hasComponent":"true","hasUnlockedComponent":"true","isUnifiedRootApp":"false"},"properties":{"appVersion":"2022-01-24T18:17:30Z","lifeCycleId":"Published","createdByClientVersion":{"major":3,"minor":21124,"build":16,"revision":0,"majorRevision":0,"minorRevision":0},"minClientVersion":{"major":3,"minor":21124,"build":16,"revision":0,"majorRevision":0,"minorRevision":0},"backgroundColor":"rgba(56, 96, 178, 1)","backgroundImageUri":"/5348150841663051372/Nb5d89299-b9c8-4226-8adf-95a103a6da5a-logoSmallFile","displayName":"Easter calender","description":"","commitMessage":"","appUris":{"documentUri":{"value":"/5348150841663051372/N0f3371ba-a062-4983-99e6-c461fba5916a-document.msapp"},"imageUris":[]},"createdTime":"0001-01-01T00:00:00Z","lastModifiedTime":"0001-01-01T00:00:00Z","sharedGroupsCount":0,"sharedUsersCount":0,"icons":{"smallIconUri":"/5348150841663051372/N2ce8e4f9-3beb-4cd6-97ea-02df5e603187-small.png","mediumIconUri":"/5348150841663051372/N755d7ba3-bd12-4dd2-ad42-9311bac5246c-medium.png","largeIconUri":"/5348150841663051372/N01efc3a8-593d-4633-8c4f-e346a3277aa5-large.png","wideIconUri":"/5348150841663051372/N133957e5-ce5d-4fab-a657-172dbee328df-wide.png"},"connectionReferences":{},"databaseReferences":{},"almMode":"Environment","performanceOptimizationEnabled":true,"canConsumeAppPass":true,"executionRestrictions":{"isTeamsOnly":false,"dataLossPreventionEvaluationResult":{"status":"Compliant","lastEvaluationDate":"2022-01-11T18:49:54.5206249Z","violations":[],"violationsByPolicy":[],"violationErrorMessage":"Die App verwendet die folgenden Connectors: ."}}},"appType":"ClassicCanvasApp","appComponents":[]}}