{"schemaVersion":"1.0","appDefinitionTemplate":{"id":"/providers/Microsoft.PowerApps/apps/","type":"Microsoft.PowerApps/apps","tags":{"primaryDeviceWidth":"1366","primaryDeviceHeight":"768","sienaVersion":"20220316T140541Z-3.22022.23.0","deviceCapabilities":"","supportsPortrait":"true","supportsLandscape":"true","primaryFormFactor":"Tablet","publisherVersion":"3.22022.23","minimumRequiredApiVersion":"2.2.0","hasComponent":"true","hasUnlockedComponent":"true","isUnifiedRootApp":"false"},"properties":{"appVersion":"2022-03-16T14:05:41Z","lifeCycleId":"Published","createdByClientVersion":{"major":3,"minor":22022,"build":23,"revision":0,"majorRevision":0,"minorRevision":0},"minClientVersion":{"major":3,"minor":22022,"build":23,"revision":0,"majorRevision":0,"minorRevision":0},"backgroundColor":"rgba(56, 96, 178, 1)","backgroundImageUri":"/6125898279656410689/Nc42f389b-c333-4f09-b61c-103053a50511-logoSmallFile","displayName":"Easter calender","description":"","commitMessage":"","appUris":{"documentUri":{"value":"/6125898279656410689/N16c3fc9f-3871-4404-9154-d68ac358df77-document.msapp"},"imageUris":[]},"createdTime":"0001-01-01T00:00:00Z","lastModifiedTime":"0001-01-01T00:00:00Z","sharedGroupsCount":0,"sharedUsersCount":0,"icons":{"smallIconUri":"/6125898279656410689/Nc2df8837-5c9e-4ca8-b56c-9f53b2ea75eb-small.png","mediumIconUri":"/6125898279656410689/Ne8e11302-3fbf-4dca-a7e9-841fb957cce2-medium.png","largeIconUri":"/6125898279656410689/Nf700a623-3b65-4b61-b953-78c3e815edfa-large.png","wideIconUri":"/6125898279656410689/N6b03ca1e-d417-46f4-808f-96582f158db6-wide.png"},"connectionReferences":{},"databaseReferences":{},"almMode":"Environment","performanceOptimizationEnabled":true,"canConsumeAppPass":true,"executionRestrictions":{"isTeamsOnly":false,"dataLossPreventionEvaluationResult":{"status":"Compliant","lastEvaluationDate":"2022-01-11T18:49:54.5206249Z","violations":[],"violationsByPolicy":[],"violationErrorMessage":"Die App verwendet die folgenden Connectors: ."}}},"appType":"ClassicCanvasApp","appComponents":[]}}