{"schemaVersion":"1.0","appDefinitionTemplate":{"id":"/providers/Microsoft.PowerApps/apps/","type":"Microsoft.PowerApps/apps","tags":{"primaryDeviceWidth":"1366","primaryDeviceHeight":"768","sienaVersion":"20220124T165401Z-3.21114.35.0","deviceCapabilities":"","supportsPortrait":"true","supportsLandscape":"true","primaryFormFactor":"Tablet","publisherVersion":"3.21124.16","minimumRequiredApiVersion":"2.2.0","hasComponent":"true","hasUnlockedComponent":"true","isUnifiedRootApp":"false"},"properties":{"appVersion":"2022-01-24T16:54:01Z","lifeCycleId":"Published","createdByClientVersion":{"major":3,"minor":21124,"build":16,"revision":0,"majorRevision":0,"minorRevision":0},"minClientVersion":{"major":3,"minor":21124,"build":16,"revision":0,"majorRevision":0,"minorRevision":0},"backgroundColor":"rgba(204, 204, 204, 1)","backgroundImageUri":"/12882318038939915422/N6767505b-72ca-4e4e-bdea-485c9a58f139-logoSmallFile","displayName":"Countdown calender","description":"","commitMessage":"","appUris":{"documentUri":{"value":"/12882318038939915422/N74bdcab1-4d76-4275-bce6-6a800490eae8-document.msapp"},"imageUris":[]},"createdTime":"0001-01-01T00:00:00Z","lastModifiedTime":"0001-01-01T00:00:00Z","sharedGroupsCount":0,"sharedUsersCount":0,"icons":{"smallIconUri":"/12882318038939915422/N0e7d176d-3879-4b80-9699-f73f45356007-small.png","mediumIconUri":"/12882318038939915422/N1f06d81c-4193-4f22-a815-4a61cde585f9-medium.png","largeIconUri":"/12882318038939915422/N4753468e-2780-44ea-a568-31f20955d640-large.png","wideIconUri":"/12882318038939915422/N643f31b5-f92e-42ab-a9be-aab116a2aa3a-wide.png"},"connectionReferences":{},"databaseReferences":{},"almMode":"Environment","performanceOptimizationEnabled":true,"canConsumeAppPass":true,"executionRestrictions":{"isTeamsOnly":false,"dataLossPreventionEvaluationResult":{"status":"Compliant","lastEvaluationDate":"2022-01-11T18:49:54.5206249Z","violations":[],"violationsByPolicy":[],"violationErrorMessage":"Die App verwendet die folgenden Connectors: ."}}},"appType":"ClassicCanvasApp","appComponents":[]}}